epoch,train_loss,test_loss
1,7293.110020,6254.029531
2,4528.260703,1725.168906
3,1217.341958,825.358054
4,783.477246,462.752440
5,474.464812,351.866922
